{
 "bad": false,
 "new_version": "0.28.276174",
 "new_version_attempts": {
  "0.24.201332": 1,
  "0.24.208024": 1,
  "0.24.210930": 1,
  "0.25.218240": 1,
  "0.25.222597": 11,
  "0.25.228311": 10,
  "0.26.232864": 1,
  "0.26.233415": 1,
  "0.27.236950": 1,
  "0.27.238334": 1,
  "0.27.244707": 1,
  "0.27.253010": 0,
  "0.27.258160": 1,
  "0.28.263081": 1
 },
 "new_version_errors": {}
}