{
 "bad": false,
 "new_version": "1.19.20240304",
 "new_version_attempts": {
  "1.17.20231004": 1,
  "1.18.20240123": 1
 },
 "new_version_errors": {}
}