{
 "bad": false,
 "new_version": "2.4.20231222081524",
 "new_version_attempts": {
  "2.3.20230825125225": 1,
  "2.4.20231031143732": 1,
  "2.4.20231222081524": 1
 },
 "new_version_errors": {}
}