{
 "bad": false,
 "new_version": "0.10.0.20230811",
 "new_version_attempts": {
  "0.10.0.20230429": 1,
  "0.10.0.20230506": 1,
  "0.10.0.20230608": 1,
  "0.10.0.20230611": 1,
  "0.10.0.20230614": 1,
  "0.10.0.20230615": 1,
  "0.10.0.20230617": 1,
  "0.10.0.20230701": 1,
  "0.10.0.20230702": 1,
  "0.10.0.20230711": 1,
  "0.10.0.20230719": 1,
  "0.10.0.20230730": 1,
  "0.10.0.20230804": 1,
  "0.10.0.20230806": 1,
  "0.10.0.20230811": 1,
  "0.9.4": 1
 },
 "new_version_errors": {}
}