{
 "bad": false,
 "new_version": "0.10.0.20231028",
 "new_version_attempts": {
  "0.10.0.20230429": 1,
  "0.10.0.20230506": 1,
  "0.10.0.20230608": 1,
  "0.10.0.20230611": 1,
  "0.10.0.20230614": 1,
  "0.10.0.20230615": 1,
  "0.10.0.20230617": 1,
  "0.10.0.20230701": 1,
  "0.10.0.20230702": 1,
  "0.10.0.20230711": 1,
  "0.10.0.20230719": 1,
  "0.10.0.20230730": 1,
  "0.10.0.20230804": 1,
  "0.10.0.20230806": 1,
  "0.10.0.20230811": 2,
  "0.10.0.20230814": 1,
  "0.10.0.20230824": 1,
  "0.10.0.20230828": 1,
  "0.10.0.20230919": 1,
  "0.10.0.20230920": 1,
  "0.10.0.20230927": 1,
  "0.10.0.20231002": 1,
  "0.10.0.20231020": 1,
  "0.10.0.20231022": 1,
  "0.10.0.20231025": 1,
  "0.10.0.20231026": 1,
  "0.10.0.20231028": 1,
  "0.9.4": 1
 },
 "new_version_errors": {}
}