{
 "bad": false,
 "new_version": "0.10.0.20230608",
 "new_version_attempts": {
  "0.10.0.20230429": 1,
  "0.10.0.20230506": 1,
  "0.10.0.20230608": 1,
  "0.9.4": 1
 },
 "new_version_errors": {}
}