{
 "bad": false,
 "new_version": "0.10.0.20240203",
 "new_version_attempts": {
  "0.10.0.20230429": 1,
  "0.10.0.20230506": 1,
  "0.10.0.20230608": 1,
  "0.10.0.20230611": 1,
  "0.10.0.20230614": 1,
  "0.10.0.20230615": 1,
  "0.10.0.20230617": 1,
  "0.10.0.20230701": 1,
  "0.10.0.20230702": 1,
  "0.10.0.20230711": 1,
  "0.10.0.20230719": 1,
  "0.10.0.20230730": 1,
  "0.10.0.20230804": 1,
  "0.10.0.20230806": 1,
  "0.10.0.20230811": 2,
  "0.10.0.20230814": 1,
  "0.10.0.20230824": 1,
  "0.10.0.20230828": 1,
  "0.10.0.20230919": 1,
  "0.10.0.20230920": 1,
  "0.10.0.20230927": 1,
  "0.10.0.20231002": 1,
  "0.10.0.20231020": 1,
  "0.10.0.20231022": 1,
  "0.10.0.20231025": 1,
  "0.10.0.20231026": 1,
  "0.10.0.20231028": 1,
  "0.10.0.20231030": 1,
  "0.10.0.20231104": 1,
  "0.10.0.20231105": 1,
  "0.10.0.20231109": 1,
  "0.10.0.20231120": 1,
  "0.10.0.20231121": 1,
  "0.10.0.20231122": 1,
  "0.10.0.20231207": 1,
  "0.10.0.20231214": 1,
  "0.10.0.20240108": 1,
  "0.10.0.20240124": 1,
  "0.10.0.20240125": 1,
  "0.10.0.20240127": 1,
  "0.10.0.20240201": 1,
  "0.10.0.20240203": 1,
  "0.9.4": 1
 },
 "new_version_errors": {}
}