{
 "bad": false,
 "new_version": "1.1.11.20240221",
 "new_version_attempts": {
  "1.1.11.20240106": 1,
  "1.1.11.20240217": 1,
  "1.1.11.20240221": 1
 },
 "new_version_errors": {}
}