{
 "bad": false,
 "new_version": "3.0.1663481299",
 "new_version_attempts": {
  "3.0.1663074851": 1,
  "3.0.1663481299": 1
 },
 "new_version_errors": {}
}