{
 "bad": false,
 "new_version": "23.6.230607",
 "new_version_attempts": {
  "0.19.0": 1,
  "21.10.0": 2,
  "21.12.0": 1,
  "21.6.0": 1,
  "21.8.0": 1,
  "22.10.0": 1,
  "22.12.0": 1,
  "22.2.0": 1,
  "22.4.0": 1,
  "22.6.0": 1,
  "22.8.0": 0,
  "23.2.0": 1,
  "23.2.1": 1,
  "23.4.0": 1,
  "23.6.230607": 1
 },
 "new_version_errors": {}
}