{
 "bad": false,
 "new_version": "2.17.0.20240106",
 "new_version_attempts": {
  "2.16.0.1": 1,
  "2.17.0.0": 1,
  "2.17.0.20240106": 1
 },
 "new_version_errors": {}
}