{
 "bad": false,
 "new_version": "1.0.1679209451",
 "new_version_attempts": {
  "1.0.1650254349": 1,
  "1.0.1650280980": 1,
  "1.0.1655855963": 1,
  "1.0.1655946639": 1,
  "1.0.1659142803": 1,
  "1.0.1679209451": 1
 },
 "new_version_errors": {}
}